42.25614,-83.74882
42.25615,-83.74862
42.2564,-83.74863
42.25643,-83.74825
42.25602,-83.7482
42.25604,-83.74852
42.25604,-83.7488
42.25614,-83.74882

42.30886,-83.76781
42.3089,-83.76672
42.30844,-83.76648
42.30843,-83.76789
42.30886,-83.76781

42.29894,-83.78318
42.29895,-83.78272
42.29874,-83.78271
42.29844,-83.78271
42.29844,-83.78317
42.29894,-83.78318

42.27549,-83.79456
42.27437,-83.79258
42.27438,-83.79081
42.27324,-83.79078
42.27362,-83.79383
42.27438,-83.79385
42.2745,-83.79453
42.27549,-83.79456

42.27405,-83.79516
42.27402,-83.79437
42.2739,-83.79436
42.27388,-83.79448
42.2737,-83.79447
42.2738,-83.79517
42.27405,-83.79516

42.28995,-83.79957
42.29032,-83.7986
42.29092,-83.79763
42.29034,-83.79471
42.29119,-83.79477
42.29126,-83.7944
42.2922,-83.79448
42.29222,-83.7943
42.29256,-83.79428
42.29256,-83.79399
42.29312,-83.79325
42.29355,-83.79382
42.29401,-83.79316
42.29347,-83.79247
42.29344,-83.79203
42.29303,-83.79202
42.29308,-83.79109
42.29963,-83.79142
42.29967,-83.78963
42.29664,-83.78419
42.29723,-83.78426
42.29724,-83.78367
42.29671,-83.78366
42.29673,-83.78313
42.29642,-83.78311
42.29633,-83.78172
42.29681,-83.78179
42.29679,-83.78268
42.29759,-83.78271
42.29761,-83.78188
42.29846,-83.78188
42.29844,-83.78097
42.29937,-83.78098
42.29939,-83.78005
42.3,-83.78005
42.30082,-83.77643
42.30068,-83.77428
42.30082,-83.7737
42.30128,-83.77605
42.30175,-83.77608
42.30226,-83.78048
42.30263,-83.78086
42.30297,-83.78086
42.30298,-83.7811
42.30794,-83.78132
42.30815,-83.77385
42.3121,-83.77411
42.3122,-83.77192
42.31518,-83.77228
42.31518,-83.77128
42.31489,-83.77084
42.31529,-83.76621
42.31418,-83.76426
42.31236,-83.76181
42.30816,-83.76159
42.30818,-83.76064
42.3094,-83.76069
42.30942,-83.75981
42.31064,-83.7579
42.31155,-83.75962
42.31318,-83.76197
42.31461,-83.76247
42.31479,-83.76334
42.31544,-83.76368
42.31597,-83.76518
42.31671,-83.76868
42.31693,-83.76919
42.31714,-83.76932
42.31732,-83.7715
42.31802,-83.77157
42.31935,-83.77134
42.31938,-83.77073
42.31886,-83.7672
42.31866,-83.76681
42.3189,-83.76516
42.31866,-83.76399
42.31891,-83.76236
42.31857,-83.76219
42.31731,-83.76089
42.31639,-83.76071
42.31601,-83.7603
42.31535,-83.75792
42.31493,-83.75452
42.31425,-83.75285
42.31336,-83.75246
42.31253,-83.75252
42.31062,-83.75225
42.30973,-83.75235
42.3093,-83.75193
42.30938,-83.75155
42.30915,-83.75197
42.30931,-83.75236
42.30919,-83.75258
42.30893,-83.75269
42.30859,-83.7526
42.30836,-83.75143
42.30805,-83.75119
42.30758,-83.75429
42.30314,-83.74785
42.30346,-83.74773
42.30339,-83.74645
42.30418,-83.74642
42.3043,-83.74628
42.30476,-83.74642
42.30486,-83.74455
42.30457,-83.74429
42.30359,-83.74498
42.30342,-83.74413
42.30391,-83.74406
42.30409,-83.74374
42.30566,-83.74242
42.30584,-83.74245
42.30584,-83.743
42.3062,-83.74273
42.30637,-83.74211
42.30874,-83.74279
42.30875,-83.74304
42.309,-83.74301
42.31013,-83.74268
42.31241,-83.74135
42.31241,-83.74116
42.31291,-83.74116
42.31296,-83.73771
42.31312,-83.73744
42.31333,-83.73452
42.31618,-83.73411
42.31989,-83.7353
42.32218,-83.7246
42.32285,-83.72021
42.32366,-83.71316
42.32397,-83.71261
42.31129,-83.71218
42.31147,-83.71027
42.3121,-83.71026
42.31251,-83.71049
42.31247,-83.71103
42.31206,-83.71101
42.312,-83.71154
42.31328,-83.7116
42.31344,-83.70753
42.32283,-83.70783
42.3228,-83.70261
42.32374,-83.70258
42.32343,-83.6968
42.32255,-83.69397
42.32161,-83.69246
42.32025,-83.69107
42.31729,-83.68923
42.31513,-83.6883
42.31403,-83.68805
42.31405,-83.68768
42.31171,-83.68731
42.3029,-83.68693
42.30289,-83.68737
42.30308,-83.68774
42.30286,-83.68792
42.3021,-83.68775
42.30192,-83.68749
42.30121,-83.6873
42.30102,-83.68706
42.29998,-83.68675
42.29995,-83.68659
42.29849,-83.68604
42.29697,-83.68511
42.29588,-83.68485
42.29587,-83.68415
42.29488,-83.68305
42.29367,-83.68276
42.29212,-83.68272
42.2922,-83.68186
42.29375,-83.68172
42.29193,-83.67951
42.29067,-83.67829
42.28945,-83.67744
42.28804,-83.67675
42.2861,-83.67626
42.27887,-83.67606
42.27878,-83.67638
42.27741,-83.67666
42.27673,-83.67702
42.27566,-83.67811
42.27554,-83.67842
42.27478,-83.67844
42.27472,-83.6789
42.2744,-83.67884
42.27437,-83.67814
42.27412,-83.67758
42.27354,-83.67718
42.27363,-83.67655
42.27234,-83.67588
42.26902,-83.67581
42.2686,-83.6781
42.26813,-83.67794
42.26851,-83.67892
42.26814,-83.68142
42.26773,-83.6815
42.26691,-83.68204
42.26645,-83.68192
42.2658,-83.68222
42.26548,-83.68207
42.26503,-83.68213
42.26483,-83.68029
42.26393,-83.68129
42.26368,-83.68125
42.26265,-83.68047
42.26173,-83.68173
42.26211,-83.68184
42.26189,-83.68224
42.26112,-83.68305
42.26038,-83.68357
42.2589,-83.6841
42.25889,-83.68451
42.25785,-83.6848
42.25636,-83.68601
42.25283,-83.68588
42.25293,-83.68213
42.25239,-83.68282
42.25156,-83.68309
42.2455,-83.68289
42.24548,-83.68376
42.24245,-83.68379
42.24162,-83.68397
42.23744,-83.68554
42.23618,-83.68587
42.23477,-83.68588
42.23018,-83.69299
42.23014,-83.69427
42.23021,-83.69495
42.23037,-83.69494
42.23024,-83.6952
42.23039,-83.69705
42.23035,-83.69973
42.22603,-83.69968
42.22277,-83.70595
42.22267,-83.71005
42.22454,-83.70988
42.22511,-83.71006
42.22504,-83.71204
42.23001,-83.71223
42.22943,-83.739
42.2303,-83.73922
42.23221,-83.73925
42.23419,-83.73906
42.23637,-83.73914
42.23625,-83.74328
42.23637,-83.74817
42.23703,-83.74819
42.23777,-83.7516
42.23875,-83.75394
42.24003,-83.75595
42.23994,-83.75645
42.24101,-83.75765
42.24099,-83.75803
42.24124,-83.75796
42.24156,-83.75839
42.24162,-83.75808
42.2456,-83.76332
42.24449,-83.76471
42.24728,-83.76556
42.25591,-83.77698
42.25581,-83.77456
42.25599,-83.77485
42.2561,-83.77722
42.2591,-83.78117
42.26124,-83.78316
42.26276,-83.78401
42.26453,-83.78456
42.26572,-83.7847
42.26793,-83.78458
42.26806,-83.78115
42.26764,-83.78103
42.26765,-83.77986
42.26858,-83.77987
42.26847,-83.78456
42.27262,-83.78429
42.27262,-83.78588
42.27314,-83.78994
42.27351,-83.79037
42.27423,-83.7904
42.27424,-83.7901
42.27559,-83.79017
42.27549,-83.79456
42.27731,-83.79466
42.27727,-83.79615
42.27619,-83.79613
42.27616,-83.79644
42.27389,-83.79631
42.27364,-83.79757
42.27491,-83.79761
42.27492,-83.79833
42.27544,-83.79834
42.27543,-83.79924
42.28173,-83.79939
42.28173,-83.799
42.2819,-83.79883
42.28206,-83.79884
42.28207,-83.7994
42.28216,-83.79903
42.28262,-83.79902
42.28262,-83.79942
42.28301,-83.79943
42.28304,-83.7991
42.2832,-83.79912
42.2832,-83.79943
42.28333,-83.79943
42.28334,-83.79911
42.28356,-83.79909
42.28351,-83.79944
42.28496,-83.79945
42.28498,-83.79668
42.28525,-83.79667
42.28522,-83.79946
42.28649,-83.7995
42.28653,-83.79867
42.28706,-83.79869
42.28722,-83.79949
42.28995,-83.79957

42.28075,-83.79869
42.28077,-83.79823
42.28103,-83.79823
42.28102,-83.79865
42.28075,-83.79869

42.28358,-83.79834
42.28347,-83.79833
42.28327,-83.79833
42.28329,-83.798
42.28318,-83.798
42.28324,-83.79777
42.28327,-83.79767
42.28346,-83.79767
42.28346,-83.79789
42.28386,-83.7979
42.28387,-83.79814
42.28387,-83.79834
42.28358,-83.79834

42.28587,-83.79516
42.28551,-83.79175
42.28559,-83.79093
42.28532,-83.78958
42.2857,-83.78968
42.28628,-83.79214
42.28629,-83.7935
42.28641,-83.79381
42.2861,-83.79367
42.28634,-83.79493
42.28587,-83.79516

42.28747,-83.79257
42.28748,-83.79198
42.28775,-83.79192
42.28781,-83.79212
42.28794,-83.79256
42.28789,-83.79257
42.28747,-83.79257

42.28749,-83.79112
42.28751,-83.79055
42.28764,-83.79054
42.28779,-83.79068
42.28786,-83.79078
42.28791,-83.791
42.28749,-83.79112

42.28766,-83.7892
42.28761,-83.78834
42.28764,-83.78834
42.28774,-83.78832
42.28783,-83.78826
42.28784,-83.78877
42.2878,-83.78879
42.28782,-83.78893
42.28807,-83.78889
42.28811,-83.78905
42.28766,-83.7892

42.28635,-83.78453
42.28677,-83.78431
42.28683,-83.78448
42.28634,-83.78475
42.28635,-83.78453

42.28615,-83.78417
42.28663,-83.78393
42.28665,-83.78399
42.28671,-83.78414
42.2863,-83.78435
42.28615,-83.78417

42.28527,-83.78372
42.28527,-83.78365
42.28577,-83.78365
42.28577,-83.78377
42.28527,-83.78372

42.28723,-83.7832
42.28724,-83.78258
42.28766,-83.78259
42.28765,-83.78322
42.28723,-83.7832

42.28619,-83.78266
42.28654,-83.78236
42.28653,-83.78235
42.28648,-83.78224
42.28615,-83.78256
42.28605,-83.78226
42.28649,-83.78198
42.28661,-83.78196
42.28678,-83.78197
42.28677,-83.78254
42.28662,-83.78254
42.28661,-83.78242
42.28658,-83.78244
42.28639,-83.78254
42.28627,-83.78291
42.28619,-83.78266

42.29503,-83.78128
42.29483,-83.78084
42.2951,-83.78087
42.29511,-83.78112
42.29511,-83.78142
42.29503,-83.78128

42.27507,-83.78012
42.27508,-83.77909
42.2754,-83.77908
42.27543,-83.78013
42.27507,-83.78012

42.27528,-83.77544
42.27526,-83.77472
42.2755,-83.77472
42.27552,-83.77545
42.27528,-83.77544

42.28386,-83.77453
42.28375,-83.77403
42.28367,-83.7736
42.28366,-83.77355
42.28465,-83.77344
42.2845,-83.77375
42.28458,-83.77379
42.2851,-83.77378
42.2852,-83.77377
42.28526,-83.77424
42.28386,-83.77453

42.28103,-83.77353
42.28113,-83.7727
42.28129,-83.77297
42.28122,-83.77359
42.28103,-83.77353

42.31117,-83.76973
42.31082,-83.77045
42.30881,-83.76894
42.30966,-83.76709
42.30959,-83.76704
42.30873,-83.76821
42.30841,-83.76879
42.30836,-83.76948
42.30769,-83.77018
42.3075,-83.7702
42.30751,-83.76613
42.30717,-83.76612
42.30714,-83.76751
42.30653,-83.76754
42.30651,-83.76788
42.30548,-83.76793
42.30548,-83.76643
42.30516,-83.76607
42.30485,-83.76606
42.30487,-83.76543
42.30743,-83.76554
42.30744,-83.76471
42.30807,-83.76472
42.30808,-83.76445
42.30746,-83.76445
42.30746,-83.76376
42.30809,-83.76375
42.30812,-83.76289
42.30879,-83.76298
42.30881,-83.76436
42.30928,-83.76442
42.30951,-83.7639
42.30986,-83.76422
42.31005,-83.76397
42.31032,-83.76629
42.31046,-83.76633
42.31051,-83.76654
42.30986,-83.76723
42.31038,-83.76761
42.31084,-83.76646
42.31115,-83.76656
42.31211,-83.76718
42.31157,-83.76847
42.31285,-83.76942
42.31233,-83.77062
42.31117,-83.76973

42.25647,-83.76943
42.25647,-83.76918
42.25648,-83.76904
42.25708,-83.76906
42.25708,-83.7692
42.25708,-83.76944
42.25647,-83.76943

42.29942,-83.76857
42.29929,-83.76857
42.29865,-83.76853
42.29877,-83.76588
42.29903,-83.76589
42.29905,-83.76618
42.29908,-83.76644
42.29916,-83.76687
42.29927,-83.7674
42.29956,-83.76857
42.29942,-83.76857

42.30388,-83.76814
42.30386,-83.76804
42.30383,-83.76789
42.30414,-83.76789
42.30413,-83.76815
42.30388,-83.76814

42.30373,-83.76774
42.30366,-83.76769
42.30358,-83.76766
42.30348,-83.76766
42.30303,-83.76765
42.30303,-83.76708
42.30358,-83.7671
42.30414,-83.76713
42.30414,-83.76772
42.30378,-83.7678
42.30373,-83.76774

42.30185,-83.76644
42.30185,-83.76631
42.30146,-83.76631
42.30147,-83.76596
42.30148,-83.76516
42.30188,-83.76517
42.30185,-83.76597
42.30205,-83.76598
42.30203,-83.76643
42.30185,-83.76644

42.29952,-83.75611
42.29963,-83.75538
42.29973,-83.75519
42.29984,-83.75479
42.29954,-83.75477
42.29954,-83.7541
42.29899,-83.75409
42.299,-83.75371
42.30009,-83.75373
42.30087,-83.75374
42.30076,-83.75617
42.29952,-83.75611

42.25394,-83.75567
42.25396,-83.75406
42.25359,-83.75345
42.25396,-83.75301
42.25424,-83.75263
42.25428,-83.75256
42.25491,-83.75395
42.25512,-83.75444
42.25516,-83.75538
42.25518,-83.75568
42.25394,-83.75567

42.25637,-83.75404
42.25527,-83.75397
42.25518,-83.75369
42.25505,-83.75323
42.25467,-83.75198
42.25469,-83.75193
42.25488,-83.75159
42.25531,-83.75363
42.25587,-83.75359
42.25574,-83.75279
42.25631,-83.75272
42.25637,-83.75126
42.25655,-83.75126
42.25697,-83.75124
42.25695,-83.75219
42.25691,-83.75363
42.2569,-83.75405
42.25637,-83.75404

42.24367,-83.75214
42.24366,-83.75167
42.24452,-83.75167
42.2445,-83.75213
42.24367,-83.75214

42.25612,-83.75022
42.25542,-83.74946
42.25543,-83.74886
42.25544,-83.74845
42.25546,-83.74776
42.2555,-83.74776
42.25548,-83.74695
42.25697,-83.74692
42.257,-83.74777
42.257,-83.74916
42.25638,-83.74916
42.25638,-83.74977
42.25687,-83.74976
42.25677,-83.75009
42.25665,-83.75009
42.25657,-83.7501
42.25637,-83.75014
42.25612,-83.75022

42.29877,-83.74974
42.2987,-83.74963
42.29859,-83.74659
42.29814,-83.74635
42.2988,-83.74643
42.29948,-83.74676
42.29995,-83.74687
42.30099,-83.7466
42.30111,-83.74664
42.30168,-83.74627
42.30153,-83.74705
42.30166,-83.74742
42.30111,-83.74759
42.30109,-83.7478
42.30018,-83.74831
42.29898,-83.74978
42.29877,-83.74974

42.25332,-83.74645
42.25331,-83.74436
42.25417,-83.74431
42.25411,-83.74624
42.25332,-83.74645

42.30874,-83.74267
42.30873,-83.74122
42.30918,-83.74123
42.30918,-83.74146
42.3092,-83.74268
42.30874,-83.74267

42.25428,-83.74224
42.25429,-83.7415
42.25436,-83.74108
42.25449,-83.74041
42.25468,-83.73988
42.2548,-83.73971
42.25482,-83.73969
42.2547,-83.74039
42.25467,-83.74078
42.25469,-83.74157
42.25485,-83.74176
42.25488,-83.74222
42.25486,-83.74223
42.25428,-83.74224

42.25659,-83.74143
42.25656,-83.74002
42.25684,-83.7401
42.25705,-83.74018
42.25704,-83.74141
42.25659,-83.74143

42.30224,-83.74037
42.30225,-83.74022
42.30222,-83.73996
42.30281,-83.73988
42.30285,-83.74008
42.30289,-83.7403
42.30224,-83.74037

42.25805,-83.74021
42.25791,-83.74019
42.25786,-83.74018
42.25766,-83.74012
42.25742,-83.74006
42.25752,-83.73943
42.25764,-83.73872
42.25841,-83.73917
42.2584,-83.73938
42.25839,-83.73958
42.25825,-83.73957
42.25823,-83.74023
42.25805,-83.74021

42.25639,-83.73979
42.25616,-83.73975
42.25621,-83.73789
42.25639,-83.738
42.25668,-83.73816
42.25667,-83.73986
42.25639,-83.73979

42.25552,-83.7397
42.25499,-83.73965
42.25505,-83.73737
42.25538,-83.73756
42.25565,-83.7377
42.25561,-83.73894
42.25559,-83.7397
42.25552,-83.7397

42.30872,-83.73579
42.30872,-83.73563
42.30858,-83.7356
42.30858,-83.73514
42.30875,-83.73512
42.309,-83.73256
42.30912,-83.72687
42.31415,-83.72696
42.31412,-83.72941
42.31642,-83.72943
42.31633,-83.73117
42.31535,-83.73116
42.31535,-83.73131
42.31398,-83.73131
42.31399,-83.73197
42.31121,-83.73202
42.31125,-83.73474
42.3094,-83.73485
42.30941,-83.73579
42.30872,-83.73579

42.30198,-83.73522
42.30202,-83.73421
42.3022,-83.73417
42.30227,-83.73173
42.30245,-83.73175
42.30245,-83.73293
42.30254,-83.73294
42.30251,-83.73374
42.30248,-83.73505
42.30235,-83.73508
42.30198,-83.73522

42.299,-83.72652
42.2991,-83.72639
42.29916,-83.72628
42.29927,-83.72605
42.29936,-83.7258
42.29943,-83.72549
42.29946,-83.72526
42.29947,-83.725
42.29946,-83.7247
42.29944,-83.72446
42.29939,-83.72422
42.29964,-83.7243
42.30012,-83.72499
42.30027,-83.72559
42.29982,-83.72606
42.29969,-83.72619
42.29917,-83.72678
42.299,-83.72652

42.31814,-83.7262
42.31721,-83.72508
42.31704,-83.72486
42.31694,-83.72472
42.31669,-83.72444
42.31679,-83.72251
42.31587,-83.72244
42.31585,-83.72201
42.31682,-83.72206
42.31836,-83.72216
42.31817,-83.72564
42.31814,-83.7262

42.28748,-83.7254
42.28711,-83.72537
42.28712,-83.72502
42.28757,-83.72471
42.28755,-83.72539
42.28748,-83.7254

42.2947,-83.72432
42.29472,-83.7224
42.29673,-83.72241
42.29708,-83.72264
42.2968,-83.72345
42.29537,-83.72358
42.29533,-83.7243
42.2947,-83.72432

42.30927,-83.72368
42.30929,-83.72298
42.30886,-83.72281
42.30824,-83.72292
42.30829,-83.72159
42.30927,-83.72159
42.30927,-83.72126
42.30935,-83.72118
42.30953,-83.72125
42.30973,-83.72147
42.3098,-83.7218
42.30916,-83.72173
42.30915,-83.72276
42.31028,-83.72249
42.31007,-83.72367
42.30927,-83.72368

42.25236,-83.7224
42.25233,-83.72231
42.25232,-83.72227
42.25229,-83.72212
42.25251,-83.72223
42.25248,-83.72243
42.25236,-83.7224

42.25195,-83.72186
42.25194,-83.72154
42.25193,-83.7213
42.2522,-83.7213
42.2522,-83.72142
42.2522,-83.7216
42.25224,-83.72185
42.25195,-83.72186

42.24634,-83.72146
42.24639,-83.71985
42.24436,-83.71984
42.24449,-83.7192
42.24426,-83.71921
42.24422,-83.71983
42.24405,-83.71982
42.24418,-83.7185
42.2443,-83.71812
42.24456,-83.71813
42.24455,-83.71843
42.24472,-83.71844
42.24461,-83.71852
42.24452,-83.71905
42.24567,-83.71923
42.24567,-83.71886
42.24585,-83.71885
42.24591,-83.71864
42.24577,-83.7183
42.24593,-83.71812
42.24602,-83.71812
42.24638,-83.71883
42.2464,-83.71901
42.2467,-83.71901
42.24672,-83.71929
42.247,-83.71948
42.24714,-83.71987
42.24718,-83.72147
42.24634,-83.72146

42.25246,-83.72061
42.25248,-83.72013
42.25248,-83.72004
42.25264,-83.72005
42.25263,-83.72013
42.25263,-83.72059
42.25248,-83.72061
42.25246,-83.72061

42.25298,-83.72054
42.25298,-83.72007
42.25316,-83.7201
42.25314,-83.72051
42.25298,-83.72054

42.2356,-83.71949
42.2356,-83.7186
42.2356,-83.71773
42.23601,-83.71771
42.236,-83.7186
42.23602,-83.71946
42.23582,-83.71947
42.2356,-83.71949

42.24462,-83.71786
42.2444,-83.71784
42.2443,-83.71783
42.24432,-83.71762
42.24446,-83.71763
42.24489,-83.71764
42.2449,-83.7178
42.24488,-83.71788
42.24462,-83.71786

42.23065,-83.71735
42.23069,-83.71646
42.2315,-83.71648
42.23202,-83.7165
42.23201,-83.71739
42.23065,-83.71735

42.24553,-83.71648
42.24513,-83.71578
42.24575,-83.71574
42.24592,-83.71629
42.24576,-83.71629
42.24566,-83.71631
42.24559,-83.71635
42.24553,-83.71648

42.27782,-83.71528
42.27774,-83.71494
42.27804,-83.71461
42.27869,-83.71459
42.27901,-83.71415
42.27876,-83.71414
42.27834,-83.71291
42.27814,-83.71293
42.27824,-83.71283
42.27813,-83.71262
42.27626,-83.71313
42.27692,-83.71371
42.27709,-83.71363
42.27797,-83.71414
42.27755,-83.71467
42.27618,-83.71425
42.2762,-83.71379
42.27599,-83.71359
42.27616,-83.71337
42.27608,-83.71296
42.27648,-83.71266
42.27655,-83.7124
42.27631,-83.71238
42.27584,-83.71182
42.27473,-83.71302
42.27487,-83.71354
42.27445,-83.71364
42.27342,-83.71311
42.27368,-83.71294
42.27357,-83.70898
42.27419,-83.70918
42.27418,-83.7087
42.27453,-83.7079
42.27513,-83.70793
42.27515,-83.70742
42.27448,-83.70738
42.27433,-83.70778
42.2737,-83.70803
42.27375,-83.70845
42.27349,-83.70844
42.27349,-83.70898
42.27292,-83.70896
42.27295,-83.70733
42.2735,-83.70735
42.2735,-83.70695
42.27296,-83.7069
42.27253,-83.70706
42.27235,-83.70645
42.27297,-83.7065
42.27302,-83.7055
42.27313,-83.70556
42.27309,-83.70619
42.27371,-83.70621
42.27361,-83.70557
42.27387,-83.7056
42.27446,-83.70517
42.27444,-83.7059
42.27494,-83.70627
42.27468,-83.70697
42.27508,-83.707
42.2751,-83.70674
42.27518,-83.70683
42.27541,-83.70658
42.27588,-83.70668
42.27603,-83.70683
42.27607,-83.70781
42.27841,-83.71002
42.27835,-83.7104
42.27868,-83.71104
42.27935,-83.7108
42.27983,-83.7116
42.27788,-83.71155
42.27786,-83.71044
42.27707,-83.7104
42.27703,-83.71151
42.27776,-83.71154
42.27775,-83.71195
42.27893,-83.71237
42.2791,-83.71216
42.27941,-83.71223
42.28,-83.71204
42.28004,-83.71282
42.27921,-83.71283
42.27923,-83.71323
42.27971,-83.71377
42.27966,-83.71402
42.27947,-83.71371
42.2793,-83.71371
42.2793,-83.71398
42.27968,-83.71429
42.27901,-83.71422
42.27893,-83.71504
42.27786,-83.71543
42.27782,-83.71528

42.27123,-83.7127
42.2709,-83.71268
42.27061,-83.71267
42.27061,-83.71163
42.27127,-83.71161
42.27134,-83.71178
42.27137,-83.7119
42.27182,-83.71189
42.27202,-83.71189
42.27201,-83.71159
42.27291,-83.71157
42.27293,-83.7117
42.27318,-83.71179
42.27319,-83.71198
42.27298,-83.71206
42.273,-83.71222
42.27203,-83.71219
42.27201,-83.71272
42.27123,-83.7127

42.28829,-83.7126
42.28831,-83.71173
42.28986,-83.71176
42.28983,-83.7126
42.28829,-83.7126

42.31299,-83.7081
42.31296,-83.70753
42.31304,-83.70753
42.31335,-83.70753
42.31337,-83.70809
42.31299,-83.7081

42.26678,-83.7071
42.26691,-83.70711
42.2671,-83.70708
42.26724,-83.70704
42.26751,-83.70694
42.26681,-83.70787
42.26678,-83.7071

42.27677,-83.7072
42.27641,-83.7066
42.2761,-83.70604
42.27512,-83.70605
42.27513,-83.70602
42.27522,-83.70574
42.27522,-83.70557
42.2752,-83.70543
42.27541,-83.70496
42.27576,-83.70514
42.27604,-83.70453
42.27721,-83.70665
42.27677,-83.7072

42.28583,-83.70703
42.28597,-83.70407
42.28748,-83.7045
42.28748,-83.70516
42.28719,-83.7051
42.2868,-83.70521
42.28697,-83.70561
42.28701,-83.70614
42.28691,-83.70618
42.28707,-83.70706
42.28583,-83.70703

42.26769,-83.70691
42.2677,-83.70593
42.26766,-83.70527
42.26809,-83.70536
42.26807,-83.7068
42.26785,-83.70691
42.26769,-83.70691

42.27909,-83.70342
42.27827,-83.70251
42.27766,-83.70159
42.27723,-83.70129
42.27748,-83.70087
42.27769,-83.70057
42.27777,-83.70049
42.27787,-83.70044
42.27796,-83.70076
42.27808,-83.70103
42.27908,-83.70305
42.28011,-83.70503
42.27909,-83.70342

42.27261,-83.70499
42.27258,-83.70489
42.27231,-83.70418
42.27225,-83.70405
42.27246,-83.70387
42.27294,-83.70502
42.27261,-83.70499

42.28598,-83.70204
42.28516,-83.70198
42.28525,-83.70027
42.28674,-83.69944
42.28678,-83.69834
42.28701,-83.69869
42.2872,-83.69879
42.28797,-83.69857
42.28815,-83.70031
42.28807,-83.70097
42.28797,-83.70139
42.28621,-83.7007
42.28613,-83.70204
42.28598,-83.70204

42.23031,-83.70168
42.23033,-83.7007
42.23094,-83.70072
42.23092,-83.70164
42.23031,-83.70168

42.25959,-83.70074
42.25955,-83.70033
42.25909,-83.69935
42.25902,-83.69887
42.25918,-83.69881
42.25924,-83.69869
42.25969,-83.69863
42.25969,-83.69871
42.26068,-83.69893
42.26068,-83.69906
42.25977,-83.69898
42.25972,-83.69949
42.25994,-83.69971
42.25984,-83.69972
42.25986,-83.7001
42.26014,-83.69996
42.26023,-83.70048
42.26037,-83.70077
42.25959,-83.70074

42.27759,-83.69873
42.27733,-83.69872
42.2764,-83.69168
42.27549,-83.69119
42.27394,-83.68932
42.27207,-83.68779
42.27201,-83.68749
42.276,-83.68732
42.27668,-83.69069
42.27762,-83.69069
42.27762,-83.68957
42.27829,-83.68958
42.27805,-83.68856
42.27824,-83.68809
42.2788,-83.68736
42.27937,-83.6873
42.27988,-83.68792
42.2804,-83.68804
42.28046,-83.68853
42.28015,-83.68883
42.28009,-83.68911
42.27989,-83.68898
42.27994,-83.68859
42.27866,-83.6894
42.27865,-83.68993
42.28048,-83.68991
42.28049,-83.69013
42.28081,-83.69025
42.28135,-83.68934
42.2828,-83.68982
42.28281,-83.69097
42.28256,-83.69104
42.28315,-83.69105
42.28314,-83.69232
42.28049,-83.6923
42.28052,-83.69766
42.27796,-83.69876
42.27759,-83.69873

42.26795,-83.69657
42.26797,-83.69603
42.26692,-83.69619
42.26669,-83.69549
42.26567,-83.69545
42.26541,-83.69504
42.26519,-83.68995
42.2647,-83.68997
42.26417,-83.69128
42.26172,-83.69135
42.26227,-83.69091
42.26261,-83.69083
42.26261,-83.68983
42.26383,-83.68961
42.26412,-83.69012
42.26439,-83.68972
42.26455,-83.68847
42.26467,-83.68839
42.26436,-83.68714
42.26522,-83.68616
42.26514,-83.68594
42.26533,-83.68585
42.26519,-83.68499
42.26537,-83.68616
42.26566,-83.68658
42.26515,-83.68734
42.26528,-83.688
42.26583,-83.68829
42.26605,-83.68818
42.26604,-83.68882
42.26647,-83.68887
42.26688,-83.68822
42.26723,-83.68866
42.2673,-83.68876
42.26692,-83.68933
42.26692,-83.6899
42.26738,-83.68985
42.26764,-83.69082
42.26769,-83.69192
42.26802,-83.69177
42.26833,-83.69249
42.269,-83.69203
42.26958,-83.69354
42.26883,-83.69409
42.26866,-83.69457
42.26859,-83.69504
42.26887,-83.69606
42.26795,-83.69657

42.28568,-83.69599
42.28574,-83.69572
42.28627,-83.69556
42.28638,-83.69516
42.2862,-83.69517
42.28626,-83.69316
42.28668,-83.69313
42.28797,-83.69318
42.28795,-83.69379
42.28768,-83.69495
42.28767,-83.69576
42.28568,-83.69599

42.26004,-83.69144
42.26005,-83.69111
42.26005,-83.69062
42.26102,-83.69046
42.2611,-83.69145
42.26004,-83.69144

42.27859,-83.68218
42.2786,-83.68192
42.2797,-83.68189
42.27971,-83.68222
42.27859,-83.68218

42.28173,-83.799
42.28169,-83.79891
42.28166,-83.79876
42.28168,-83.7983
42.28174,-83.7983
42.28178,-83.7983
42.28173,-83.79861
42.28176,-83.7989
42.28173,-83.799

42.28761,-83.78834
42.28747,-83.78835
42.28736,-83.78834
42.28743,-83.78775
42.28757,-83.78776
42.28761,-83.78834

42.30205,-83.76598
42.30207,-83.76518
42.30225,-83.76519
42.30283,-83.76522
42.3028,-83.76601
42.30255,-83.76599
42.30206,-83.76598
42.30205,-83.76598

42.30027,-83.72559
42.30136,-83.72459
42.30175,-83.72416
42.30174,-83.72433
42.30173,-83.72552
42.30173,-83.7256
42.30173,-83.72583
42.30124,-83.72585
42.30122,-83.72566
42.30046,-83.72571
42.30027,-83.72559

42.26688,-83.68822
42.26676,-83.68807
42.26618,-83.68745
42.26612,-83.68754
42.26607,-83.68771
42.26608,-83.68736
42.26608,-83.68702
42.26614,-83.68707
42.26631,-83.68712
42.26653,-83.6872
42.26668,-83.68717
42.26678,-83.68721
42.26683,-83.68742
42.26691,-83.68748
42.26707,-83.68752
42.26718,-83.68755
42.26719,-83.68761
42.26688,-83.68822

42.27702,-83.6927
42.2772,-83.69266
42.27738,-83.69244
42.27751,-83.69219
42.27759,-83.69213
42.27671,-83.69163
42.27671,-83.6913
42.27658,-83.69127
42.27622,-83.69063
42.27596,-83.68978
42.27554,-83.69012
42.27621,-83.69141
42.2765,-83.69172
42.27673,-83.69271
42.27702,-83.6927

42.27411,-83.70696
42.27412,-83.70611
42.27404,-83.70622
42.27393,-83.70626
42.27384,-83.70628
42.27371,-83.70628
42.2737,-83.70695
42.27411,-83.70696

42.27669,-83.70958
42.27699,-83.70905
42.27672,-83.70848
42.27626,-83.70886
42.27656,-83.70949
42.27658,-83.70955
42.27669,-83.70958

42.27598,-83.7098
42.27614,-83.70929
42.27603,-83.708
42.27513,-83.70793
42.27512,-83.70848
42.27511,-83.70913
42.27512,-83.70921
42.27513,-83.70928
42.27519,-83.7094
42.27528,-83.70946
42.2754,-83.70953
42.27556,-83.70965
42.27573,-83.70985
42.27598,-83.7098

42.27752,-83.7099
42.27699,-83.70905
42.27682,-83.70974
42.27703,-83.71007
42.27752,-83.7099

42.2766,-83.7115
42.27653,-83.71087
42.27644,-83.71083
42.27623,-83.71081
42.27602,-83.71095
42.27616,-83.71122
42.27619,-83.71149
42.2766,-83.7115

42.2766,-83.71219
42.27665,-83.71202
42.27674,-83.71205
42.27684,-83.71209
42.27695,-83.7121
42.27707,-83.71211
42.27708,-83.71166
42.2765,-83.71165
42.27648,-83.71213
42.2766,-83.71219


